asana,time,contradictions,description,precautions,professions
Ujjayi_Pranayama,Morning,"For individuals with low blood pressure, this technique can further lower blood pressure, which may lead to dizziness or fainting, so avoid. Pregnant women should avoid Ujjayi Pranayama as the breath retention can raise intra-abdominal pressure, potentially harming the fetus. People with heart conditions may need to avoid this practice as the increased breath retention could stress the heart. Additionally, individuals suffering from severe migraines should avoid this technique, as it might trigger or worsen the headache. Lastly, people who are experiencing anxiety, trauma, or constant fatigue should also avoid Ujjayi Pranayama, as the controlled breathing could lead to increased discomfort or heightened feelings of panic.","Ujjayi Pranayama, also known as the ""victorious breath,"" is a calming yet powerful breathing technique that provides numerous benefits for both the body and mind. By taking slow, deep breaths through the nose while gently constricting the throat, it helps to improve focus and concentration. This focused breathing promotes mental clarity and clears mental fog, making it easier to stay present and attentive. Ujjayi Pranayama also helps to relax and release tension in the body, activating the parasympathetic nervous system and triggering the ""rest and digest"" response. This helps counteract the physical and mental stress accumulated throughout the day. Additionally, regular practice of Ujjayi Pranayama can promote better cardiovascular health by opening the arteries, lowering blood pressure, and potentially reducing the risk of heart disease. It also supports lung health by improving respiratory function and increasing lung capacity, which is beneficial for overall endurance and well-being. Furthermore, this pranayama technique stimulates and balances the thyroid gland, contributing to hormonal equilibrium and enhanced metabolism. Finally, it is believed to help promote gut health by improving blood circulation and supporting optimal digestion. Thus, Ujjayi Pranayama is a holistic practice that fosters both physical relaxation and mental focus, while also supporting cardiovascular, respiratory, and hormonal health.",nill,
Anuloma_Viloma,Anytime,"Additionally, if someone is experiencing acute anxiety, dizziness, or recent trauma, they may find the practice challenging, and it's best to avoid it until their condition stabilizes. As with any pranayama technique, its important to practice Anulom Vilom with mindfulness and under proper guidance, particularly if there are any underlying health concerns.","Practicing Anulom Vilom helps to regulate the flow of energy throughout the body, improving overall mental clarity, focus, and concentration. It activates the parasympathetic nervous system, which reduces stress, anxiety, and tension, promoting a sense of calm and relaxation. Regular practice can enhance lung capacity, improve oxygen circulation, and help purify the respiratory system by clearing the nasal passages. It can be particularly helpful for those struggling with insomnia, as it encourages deep relaxation and restful sleep.","Individuals with high blood pressure or those who are pregnant should practice it with caution, as the controlled breathing may alter blood flow or intra-abdominal pressure. People with severe respiratory issues such as asthma should practice it slowly","Anuloma Viloma is effective in balancing the mind and calming the nervous system, making it beneficial for numerous professions. For healthcare professionals, it helps manage stress and maintain emotional balance in high-pressure environments. IT professionals benefit by improving focus and reducing mental fatigue from screen time. Teachers use it to remain calm and composed during long teaching sessions and to manage classroom stress. Lawyers can calm their nerves and stay mentally clear during trials or negotiations. In business, it helps improve decision-making and mental clarity in high-stakes situations. Agriculture workers can use it to enhance mental clarity and manage physical exhaustion. Media professionals rely on it to stay calm and focused during fast-paced and stressful work environments. Sports professionals use it to calm the mind before and after intense training or competition. Environmentalists can practice it to manage stress while working in physically demanding outdoor settings. For transport workers, it helps maintain calm and focus on the road. Police officers use it to manage high-stress situations and improve mental clarity. Hotel management staff rely on it for stress relief and to remain composed during busy shifts. Sales professionals benefit by improving concentration and staying calm in client interactions. Students use it to reduce anxiety and improve focus during exams. Researchers practice it to clear their mind and enhance focus during long study sessions. Housewives use it to stay calm and relieve the stress of daily chores."
Bhramari_Pranayama,Morning,"People with ear infections or issues with the inner ear, should avoid this practice as the humming sound may worsen the condition. Additionally, individuals with high blood pressure should practice Bhramari under supervision and avoid prolonged or forceful humming.","This pranayama has numerous benefits, both physically and mentally. It helps reduce stress and anxiety by calming the nervous system and lowering blood pressure. The vibration created by the humming sound also stimulates the vagus nerve, which helps in promoting relaxation and improving overall emotional stability. Bhramari is particularly beneficial for people who suffer from insomnia as it promotes deep relaxation and can aid in restful sleep. The practice also enhances concentration and focus, making it an excellent tool for students and professionals who need to maintain mental clarity. Additionally, it helps clear the mind, reduce mental fatigue, and improve memory retention.",nill,"Bhramari Pranayama is a powerful technique for reducing stress and anxiety, making it beneficial for many professions. Healthcare professionals find it helpful for relaxing and managing stress during demanding shifts. IT professionals use it to calm the mind and relieve mental tension from long working hours. Teachers use Bhramari to improve focus and calm their minds before or after stressful teaching sessions. Lawyers benefit by reducing anxiety and staying mentally composed before important cases or meetings. Business professionals can relieve stress and improve clarity when making critical decisions. Agriculture workers benefit from its calming effects, helping them manage the physical and mental strain of fieldwork. Media professionals use it to de-stress and focus in a fast-paced work environment. Sports professionals practice it to calm their nerves before competitions and improve focus during performance. Environmentalists use it for relaxation and focus during demanding outdoor work. Transport workers rely on Bhramari for mental clarity and relaxation during stressful driving conditions. Police officers practice it for emotional regulation and calmness during intense situations. Hotel management staff use it to stay calm and reduce work-related stress during busy hours. Sales professionals use Bhramari to stay focused and calm during client interactions. Students find it useful to relax and increase focus during exam preparation. Researchers use it to reduce stress and improve focus during long research hours. Housewives use Bhramari to stay grounded and manage household stress effectively."
Kapalabhati,Morning,"Individuals with high blood pressure, heart conditions, or respiratory issues (such as asthma or COPD) should avoid this practice, as the forceful exhalation may put extra strain on the heart and lungs. It is also not recommended for people with abdominal hernias or recent surgeries, as the practice involves strong abdominal contraction that may aggravate these conditions. Pregnant women and individuals with epilepsy should also refrain from practicing Kapalbhati.","This pranayama is designed to cleanse the respiratory system, increase oxygen intake, and revitalize the body and mind. The primary benefit of Kapalbhati is its ability to stimulate the abdominal muscles and strengthen the respiratory system by improving lung capacity and clearing out toxins from the body. Regular practice helps boost metabolism, improve digestion, and enhance energy levels, making it ideal for those looking to increase vitality and focus. It also helps in reducing stress and anxiety, as it activates the sympathetic nervous system, providing a sense of mental clarity and alertness.",those with dizziness or severe anxiety should approach Kapalbhati with caution,"Kapalabhati is an energizing pranayama that improves focus and mental clarity while also detoxifying the body, making it beneficial for various professions. Healthcare professionals use it for a quick energy boost and mental clarity during long, exhausting shifts. IT professionals benefit by reducing mental fatigue and improving concentration, especially during long hours of screen work. Teachers practice it to stay energized and maintain focus throughout the day. Lawyers rely on Kapalabhati to stay sharp and alert during critical moments in their work. Business professionals use it to clear mental fog and stay focused during meetings or decision-making. Agriculture workers practice it for increased stamina and energy, especially during physically demanding tasks. Media professionals rely on Kapalabhati to stay mentally alert and energetic in a fast-paced environment. Sports professionals benefit from its energizing effects before workouts or competitions. Environmentalists use it to enhance stamina and energy during physically demanding fieldwork. Transport workers benefit by staying alert and energized during long hours of driving. Police officers use it to stay vigilant and mentally sharp in high-stress situations. Hotel management staff use Kapalabhati to maintain energy levels during busy service hours. Sales professionals practice it to boost energy and focus during client interactions. Students find it beneficial to increase alertness and focus during study sessions. Researchers use it to stay energized and enhance focus during long periods of research. Housewives practice it to improve energy levels and stay active throughout the day."
Sitali,Morning,"People with cold-related illnesses like a cough, cold, or respiratory infection should avoid Sitali Pranayama, as the cooling effect might worsen symptoms. Individuals with low blood pressure should also be cautious, as the practice may further lower blood pressure and cause light-headedness. Pregnant women and those with asthma should practice this pranayama with care or consult a healthcare provider before attempting it.","The inhalation of air through the mouth cools the body and the mind, making it particularly effective in hot weather or during stressful situations. The cooling effect not only helps in regulating the body's internal temperature but also calms the nervous system, reducing stress and anxiety. By inducing a state of relaxation, Sitali Pranayama can alleviate mental fatigue, soothe tension, and bring about emotional stability.It aids in digestion by stimulating the parasympathetic nervous system, which improves the body’s ability to digest food efficiently. Regular practice can help relieve headaches and mental tension, promote respiratory health by improving lung capacity, and enhance overall well-being by detoxifying the body.Provides relief from irritability and aggression, making it a great tool for emotional balance.",nill,"Sitali Pranayama is great for cooling down the body and calming the mind, making it especially useful in hot or stressful environments. Healthcare professionals benefit by reducing stress and staying calm during long shifts in high-stress situations. IT professionals can use it to cool down mentally after intense focus on screens. Teachers use Sitali to stay calm and relaxed during stressful teaching sessions, especially in a busy classroom. Lawyers find it helpful to stay composed and cool during stressful trials or negotiations. Business professionals can use Sitali for a quick mental reset and to stay calm in high-pressure meetings. Agriculture workers benefit by staying cool and refreshed, especially when working under the sun for long hours. Media professionals use it to relieve stress and maintain composure in fast-paced environments. Sports professionals practice Sitali to cool down after intense physical exertion. Environmentalists can benefit from the cooling effect during long outdoor work in hot conditions. Transport workers use it to stay calm and refreshed during long journeys. Police officers rely on Sitali to stay mentally cool and composed in high-pressure situations. Hotel management staff use it to stay calm and collected during busy service hours. Sales professionals benefit by reducing anxiety and staying relaxed in client meetings. Students practice Sitali to calm their mind and reduce exam-related stress. Researchers find it helpful for maintaining focus and cooling down during long study sessions. Housewives use Sitali to stay calm and manage the physical demands of household work."
Deep_Belly_Breathing,"Anytime. Can perform Deep Belly Breathing during breaks to relieve tension, improve focus, and reduce stress. It's a simple and effective way to recharge",nill,"This type of breathing promotes relaxation, reduces stress, and improves oxygen intake. It activates parasympathetic nervous system, which helps lower heart rate and blood pressure. Regular practice of deep belly breathing can also help strengthen the diaphragm, improve lung function, and increase oxygen flow throughout the body. It is a useful technique for reducing anxiety, calming the mind, and improving focus, making it beneficial for individuals dealing with stress, insomnia, or mental fatigue. The benefits of Deep Belly Breathing extend to improving digestive function as well. By engaging the diaphragm, it promotes gentle massaging of the internal organs, which can aid digestion and relieve constipation.",respiratory issues like asthma or those who suffer from severe anxiety may need to practice this technique slowly and with awareness.,"Deep Belly Breathing helps activate the parasympathetic nervous system, promoting relaxation and reducing stress, which benefits a variety of professions. Healthcare professionals use it to remain calm and relaxed during demanding and high-pressure situations. IT professionals practice it to reduce stress and improve focus during long hours of screen work. Teachers benefit from deep belly breathing to stay relaxed and composed while handling the stresses of teaching. Lawyers use it to reduce anxiety and maintain focus during intense legal proceedings. Business professionals practice it to stay calm and make well-informed decisions in high-pressure situations. Agriculture workers benefit by reducing stress and improving focus during long and physically demanding hours in the field. Media professionals use deep belly breathing to maintain composure and focus in fast-paced environments. Sports professionals find it helpful to calm the mind and recover after intense physical activity. Environmentalists practice it to relax and stay focused during fieldwork. Transport workers use deep belly breathing to reduce stress and maintain calm on long drives. Police officers benefit by staying composed and focused during high-stress situations. Hotel management staff practice it to reduce stress and maintain emotional regulation during busy service periods. Sales professionals use it to relax and stay focused during client meetings. Students practice deep belly breathing to reduce exam stress and improve concentration. Researchers use it to relax and enhance focus during long hours of work. Housewives find it helpful for relaxation and stress relief while managing daily household responsibilities."
Bhujangasana,,"Individuals with severe back problems such as herniated discs, spine injuries, or any recent back surgeries should avoid performing Bhujangasana. Those with wrist or shoulder injuries should also be cautious, as the pose places weight on these areas. Pregnant women, particularly during the later stages, should refrain from practicing Bhujangasana due to the pressure on the abdomen. Additionally, people with heart conditions, especially those with high blood pressure, should consult a healthcare professional before attempting this pose.","Bhujangasana strengthens the spine, relieves tension in the lower back, and improves flexibility in the upper and lower back. Bhujangasana helps to tone the muscles in the lower back, chest, and abdomen.Bhujangasana also helps to open the chest and stretch the abdomen, which can improve posture and alleviate stress. Additionally, Bhujangasana stimulates the abdominal organs, promoting better digestion and alleviating issues such as constipation. This pose also helps increase lung capacity, which aids in better breathing, and is known to enhance mental focus and clarity.","don't overarch your back.If you feel pain in the lower back or neck, stop immediately and rest.  Individuals experiencing mild back discomfort or stiffness can benefit from the gentle stretch of Bhujangasana. People who sit a lot should practice it starting slowly.",
Trikonasana,,"Those with neck issues or cervical spine problems should refrain from turning their head to look up at the top hand, as this could strain the neck. Instead, they can keep their gaze forward or downward to minimize the risk of injury. People with severe knee injuries or hip problems should avoid deep bending and over-extending the legs, as this may aggravate their condition. It�s advisable to modify the pose by using a block for support or limiting the depth of the stretch. Pregnant women, especially in later stages, should avoid the full expression of the pose, as the deep stretch could cause discomfort or strain.","Trikonasana improves flexibility, particularly in the legs, hips, and spine. By stretching these areas, it enhances overall mobility and range of motion. Additionally, it strengthens the legs, core, and arms, helping to build stability and endurance. The pose also provides a deep stretch to the sides of the body, specifically targeting the oblique muscles, which helps improve posture. Trikonasana is excellent for toning the thighs, waist, and hips.Trikonasana is known for stimulating digestion by gently massaging the digestive organs, which can assist in relieving constipation. Trikonasana also opens up the chest, increasing lung capacity and promoting deep, steady breathing and helps reduce stress and anxiety, bringing mental clarity ","ndividuals with high blood pressure or heart conditions should avoid holding the pose for long periods, as the deep stretch can increase pressure on the cardiovascular system.Pregnant women should avoid deep twists and extreme stretching, especially during the later stages of pregnancy",
Balasana,,"People with any injury or a recent surgery done at the ankles, shoulder, knee joints, or hip joints need to avoid this practice. Postnatal women who have undergone a cesarean section for childbirth need to avoid this abdominal pressure. People with knee injuries or conditions like knee arthritis should avoid Balasana or practice it with caution","Helps in period pain, helps in reducing back pain during periods. Stimulates the digestive system. Promotes relaxation and reduces stress. Helps calm the mind. Releases tension in the hips, thighs, and back.","Those with mild back pain, stress, or anxiety can benefit from Balasana, but they should be cautious if they experience knee, hip, or spine issues. A cushion or blanket can be placed under the knees or hips for extra comfort, and the arms can be placed forward to enhance relaxation and avoid strain.",
Tadasana,," Those with low blood pressure or dizziness should avoid holding Tadasana for long periods, as standing upright can sometimes trigger lightheadedness.Pregnant women should avoid the pose if it causes discomfort in the lower back or pelvic area.","Tadasana opens up your lungs, allowing you to breathe deeply. Tadasana improves your balance by requiring you to stand tall and straight.Tadasana helps correct poor posture and spinal misalignments.  ",those with spinal issues or balance problems should practice it near a wall or with support to ensure stability.,
Vrikshasana,,"Individuals with severe knee, hip, or ankle injuries should avoid or modify Tree Pose, as balancing on one leg can strain the joints. Those with balance issues or vertigo should also be cautious, as this pose requires steady equilibrium. Pregnant women, especially in later stages, should avoid the pose if it causes discomfort or puts pressure on the body.","Vrikshasana enhances balance, stability, and focus. It also stretches the groin and inner thighs."," People with mild flexibility or balance challenges can practice Vrikshasana with support from a wall or chair. Those with mild back issues can also benefit from the pose by practicing it gently, ensuring that the back remains straight and not over-arched.",
Shavasana,,,"Savasana, also known as the corpse pose, can have many benefits for the body and mind. It can help with stress, anxiety, fatigue, and sleep. It can also improve circulation and help the body return to a balanced state. ",,
Dhanurasana,," People with back issues, especially lower back pain or spinal injuries, should avoid Dhanurasana, as the backbend can exacerbate these conditions. Those with hernia or abdominal discomfort should also refrain from practicing this pose. Pregnant women should avoid this pose as it places too much pressure on the abdominal area.","Dhanurasana is a backbend that tones the abdominal muscles and stimulates digestion. This pose helps in stretching and strengthening the entire body, including the thighs, chest, and arms. It improves flexibility in the spine, relieves tension in the shoulders and chest, and opens the hip flexors. This asana also stimulates the digestive organs, improving digestion, and boosting energy levels."," Individuals with strong backs and flexibility can practice Dhanurasana, but it�s important to engage the core and avoid overextending the back.",
Virabhadrasana,,"Individuals with knee or ankle injuries should avoid bending too deeply into the pose, as it could strain the joints. People with lower back pain should be cautious with their alignment and avoid overarching the spine. Pregnant women should practice the pose with care, modifying the depth of the lunge if necessary."," Tones and strengthens the arms, legs, lower back, core, glutes, quadriceps, and hamstrings.  Stretches the hips, ankles, shoulders, neck, and calves, and decreases fat in those areas. Helps relieve tension and stress in the shoulders.Reduces pain and improves hip and thigh movement ","beginners should avoid deep lunges and focus on proper alignment to prevent strain on the knees, hips, and lower back.",
Paschimottanasana,,"Those with severe lower back issues or herniated discs should avoid this pose or modify it with props. Pregnant women should also avoid deep forward bends, as it can place unnecessary pressure on the abdomen. Individuals with hamstring injuries should avoid pushing too deep into the stretch.","Improves flexibility in the hips, spine, and back of the legs.Reduces stress and anxiety, and improves mood. Elongates the spine helps in growth and relieves tension "," Those with anxiety or stress can also benefit from this calming asana, but they should focus on gentle stretching rather than forcing the body into the full position.",
Marjaryasana-Bitilasana,,"Individuals with severe spinal issues, such as herniated discs, should avoid extreme movements in these poses. Those with wrist pain or carpal tunnel syndrome should modify the poses by using props to support the wrists or avoid placing too much weight on them.","This asana is helpful during periods, relieves back and abdominal muscles. Marjaryasana-Bitilasana is a combination of two poses that help to mobilize the spine and increase flexibility. It relieves tension in the back and neck while improving posture and alignment. This sequence is particularly useful for releasing stress in the back and hips, improving circulation, and stretching the torso.","Those with mild back pain or stiffness can benefit from this gentle stretching sequence. It is also excellent for people with stress or anxiety,",
Sarvangasana,,"People with glaucoma or other eye conditions should avoid inversion poses, as they can increase pressure in the eyes. Those with neck issues or hypertension should consult their doctor before practicing Viparita Karani, as the position could exacerbate these conditions.","Viparita Karani is a restorative inversion pose that promotes relaxation and rejuvenation. It reduces swelling in the legs, improves circulation, and calms the nervous system. This asana helps to relieve anxiety, stress, and fatigue, and is often used to ease headaches and improve sleep."," Individuals with mild back pain or swelling in the legs can benefit, but they should be cautious with neck positioning and avoid staying in the pose for too long.",
utkatasana,," People with knee, back, or hip injuries should avoid or modify Utkatasana.People with arthraitis should avoid. Holding the pose with the knees deeply bent may exacerbate existing joint pain or strain the lower back. Pregnant women should practice caution and avoid deep squatting.","Utkatasana, also known as the chair pose, can help reduce�thigh fat�and tone the glutes. Utkatasana helps strengthen the thighs, calves, and core muscles. By engaging the large muscle groups, it helps to increase calorie burn.his pose can help increase energy levels.",Those with high blood pressure should avoid holding the pose for prolonged periods.,
Phalakasana,,,"Plank pose is an excellent full-body workout that engages the arms, shoulders, abs, and legs. Holding this pose helps in building core strength and muscle tone. It is great for increasing calorie burn and reducing belly fat",,
